t,res_FRLT,res_G1,res_R1
0,0,0.0000036036336434379205,0.0000045882888595632135
0.02,0.0000036672924726206962,0.0000072780796909227006,0.000007795912939352978
0.04,0.000007409869012034082,0.000011024729539900724,0.000011383347807660396
0.06,0.0000112267069086965,0.000014845001924062478,0.000015101191134909034
0.08,0.000015118861390147702,0.000018740343450271688,0.000018916702003283835
0.1,0.000019087661280920893,0.000022712229146035163,0.000022820184030668415
0.12,0.00002313453913700406,0.000026762163017720263,0.00002680824661023457
0.14,0.00002726099474870951,0.00003089167861973058,0.00003087989120219351
0.16,0.00003146857833544629,0.000035102339634854797,0.00003503521943262746
0.18,0.00003575887727402907,0.00003939574046600785,0.00003927491190256365
0.2,0.000040133507846677793,0.00004377350683958776,0.00004359998755300273
0.22,0.000044594113154492084,0.0000482372964206758,0.00004801168116569213
0.24,0.0000491423654661479,0.00005278879944031229,0.00005251137622414898
0.26,0.00005377997030440342,0.000057429739335084855,0.00005710056594805082
0.28,0.000058508670218391,0.00006216187339927023,0.0000617808296412062
0.3,0.00006333024727731746,0.00006698699344977606,0.00006655381782479616
0.32,0.00006824652416958069,0.00007190692650413346,0.00007142124264369248
0.34,0.00007325936423776867,0.00007692353547179601,0.00007638487156218636
0.36,0.0000783706709097681,0.0000820387198590062,0.00008144652318146651
0.38,0.00008358238693727888,0.00008725441648749528,0.0000866080644665938
0.4,0.00008889649373445791,0.00009257260022728737,0.00009187140893482794
0.42,0.00009431501098554524,0.00009799528474388461,0.00009723851551555045
0.44,0.00009983999659024685,0.0001035245232601147,0.00010271138788987107
0.46,0.00010547354694699091,0.0001091624093329287,0.00010829207418005174
0.48,0.00011121779753399275,0.0001149110776454416,0.00011398266689917081
0.5,0.00011707492372957852,0.00012077270481451449,0.00011978530309816772
0.52,0.0001230471418093351,0.00012674951021418278,0.00012570216466547225
0.54,0.00012913671006246745,0.000132843756815241,0.00013173547874684684
0.56,0.00013534592997891168,0.0001390577520413008,0.00013788751826176147
0.58,0.0001416771474693827,0.00014539384864164408,0.00014416060249878085
0.6,0.00014813275409087813,0.0001518544455812016,0.0001505570977768752
0.62,0.00015471518825928624,0.000158441988947991,0.00015707941816279914
0.64,0.0001614269364382644,0.00016515897287835735,0.00016373002623705168
0.66,0.00016827053429941777,0.00017200794050036436,0.00017051143390271276
0.68,0.00017524856785313856,0.00017899148489569123,0.00017742620323277626
0.7000000000000001,0.0001823636745524896,0.0001861122500803987,0.00018447694735261957
0.72,0.00018961854437446755,0.00019337293200493233,0.0001916663313550225
0.74,0.00019701592088411057,0.00020077627957374114,0.00019899707324575266
0.76,0.00020455860228741455,0.00020832509568489402,0.00020647194491820462
0.78,0.00021224944247908491,0.0002160222382900866,0.0002140937731559459
0.8,0.00022009135209090713,0.00022387062147543728,0.00022186544066232072
0.8200000000000001,0.00022808729954608705,0.0002318732165634793,0.00022978988711649492
0.84,0.00023624031212437325,0.00024003305323676326,0.00023787011025551357
0.86,0.00024455347704218695,0.0002483532206834941,0.00024610916698209574
0.88,0.00025302994255139863,0.0002568368687656322,0.0002545101744980216
0.9,0.0002616729190598274,0.00026548720920990007,0.00026307631146306384
0.92,0.00027048568027602046,0.0002743075168221396,0.0002718108191795059
0.9400000000000001,0.00027947156438040894,0.0002833011307254815,0.00028071700280236304
0.96,0.0002886339752245275,0.0002924714556227871,0.00028979823257547756
0.98,0.0002979763835596396,0.0003018219630838419,0.0002990579450937217
1,0.00030750232829581856,0.00031135619285778193,0.0003084996445915781
1.02,0.00031721541779229916,0.0003210777542112486,0.0003181269042584096
1.04,0.0003271193311797163,0.0003309903272927728,0.00032794336758077135
1.06,0.0003372178197147052,0.0003410976645239035,0.00033795274971213843
1.08,0.0003475147081672184,0.0003514035920176012,0.00034815883887045655
1.1,0.0003580138962408376,0.00036191201102443114,0.0003585654977639511
1.12,0.00036871936002629745,0.0003726268994070994,0.00036917666504564353
1.1400000000000001,0.00037963515348841167,0.0003835523131438843,0.00037999635679705643
1.16,0.0003907654099865677,0.0003946923878615291,0.0003910286680415979
1.18,0.00040211434382896385,0.00040605134039817215,0.00040227777428814763
1.2,0.00041368625186076664,0.00041763347039689927,0.00041374793310536853
1.22,0.0004254855150863896,0.00042944316193051826,0.0004254434857273025
1.24,0.0004375166003261178,0.000441484885158165,0.0004373688586908111
1.26,0.00044978406190733804,0.00045376319801436303,0.0004495285655054474
1.28,0.00046229254339066504,0.00046628274793116887,0.0004619272083563561
1.3,0.00047504677933129434,0.00047904827359405083,0.00047456947984081605
1.32,0.0004880515970759494,0.0004920646067321601,0.0004874601647390572
1.34,0.0005013119185958324,0.0005053366739436627,0.0005006041418199921
1.36,0.0005148327623560184,0.00051886949855682,0.0005140063856825254
1.3800000000000001,0.0005286192452217932,0.0005326682025275133,0.0005276719686331163
1.4000000000000001,0.0005426765844024349,0.0005467380083739249,0.0005416060626002811
1.42,0.0005570100994330247,0.0005610842411490971,0.0005558139410867446
1.44,0.0005716252141948612,0.0005757123304521149,0.0005703009811599575
1.46,0.0005865274589751215,0.0005906278124786584,0.0005850726654817167
1.48,0.0006017224725664249,0.0006058363321116964,0.0006001345843776432
1.5,0.0006172160044070007,0.0006213436450531036,0.0006154924379472786
1.52,0.0006330139167621754,0.0006371556199969987,0.0006311520382155835
1.54,0.0006491221869479452,0.000653278240845616,0.0006471193113266458
1.56,0.0006655469095974056,0.0006697176089685416,0.000663400299780399
1.58,0.0006822942989708576,0.000686479945506155,0.0006800011647131945
1.6,0.0006993706913104154,0.0007035715937181426,0.0006969281882230687
1.62,0.0007167825472399867,0.0007209990213779573,0.000714187775740574
1.6400000000000001,0.000734536454211503,0.0007387688232141194,0.0007317864584460524
1.6600000000000001,0.0007526391289983101,0.0007568877233992722,0.0007497308957342539
1.68,0.0007710974202366551,0.0007753625780879223,0.0007680278777272184
1.7,0.0007899183110162162,0.0007942003780038086,0.0007866843278363491
1.72,0.0008091089215206583,0.0008134082510778698,0.0008057073053746438
1.74,0.0008286765117192104,0.0008329934651377965,0.000825104008220045
1.76,0.0008486284841102812,0.0008529634306501625,0.0008448817755309069
1.78,0.000868972386518162,0.0008733257035161676,0.000865048090514586
1.8,0.0008897159149438684,0.0008940879879220316,0.0008856105832501928
1.82,0.0009108669164712132,0.0009152581392450971,0.0009065770335665455
1.84,0.0009324333922292131,0.0009368441670167308,0.0009279553739764051
1.86,0.0009544235004119508,0.0009588542379431238,0.0009497536926680806
1.8800000000000001,0.0009768455593570458,0.0009812966789851147,0.0009719802365555128
1.9000000000000001,0.0009997080506839002,0.0010041799804981842,0.0009946434143879826
1.92,0.0010230196224929097,0.0010275127994337867,0.0010177517999205821
1.94,0.0010467890926268506,0.0010513039626032171,0.0010413141351466512
1.96,0.0010710254519956906,0.0010755624700052161,0.0010653393335933552
1.98,0.001095737867966057,0.0011002974982185544,0.0010898364836816464
2,0.0011209356878166654,0.0011255184038608673,0.0011148148521518515
2.02,0.0011466284422610058,0.0011512347271150061,0.0011402838875561527
2.04,0.0011728258490386085,0.0011774561953242283,0.0011662532238192662
2.06,0.0011995378165762462,0.0012041927266575585,0.0011927326838686377
2.08,0.0012267744477204457,0.0012314544338466794,0.001219732283335493
2.1,0.0012545460435427207,0.0012592516279957323,0.0012472622343281262
2.12,0.0012828631072189353,0.001287594822465458,0.001275332949278823
2.14,0.0013117363479842662,0.0013164947368330883,0.0013039550448658377
2.16,0.001341176685165234,0.0013459623009294877,0.0013331393460118857
2.18,0.0013711952522903162,0.0013760086589550125,0.0013628968899606134
2.2,0.0014018034012806698,0.001406645173675622,0.0013932389304325892
2.22,0.0014330127067225288,0.001437883430700803,0.001424176941862309
2.24,0.001464834970222869,0.0014697352428448668,0.001455722623717818
2.2600000000000002,0.0014972822248499537,0.0015022126545732528,0.0014878879049045268
2.2800000000000002,0.0015303667396604197,0.0015353279465354632,0.0015206849482548544
2.3000000000000003,0.001564101024314572,0.0015690936401863192,0.0015541261551053499
2.32,0.001598497833781607,0.0016035225024972257,0.001588224169962995
2.34,0.0016335701731365056,0.0016386275507591975,0.0016229918852623977
2.36,0.0016693313024503658,0.0016744220574794076,0.0016584424462156213
2.38,0.0017057947417759912,0.0017109195553730663,0.0016945892557564675
2.4,0.001742974276230563,0.001748133842452468,0.0017314459795809963
2.42,0.0017808839611772932,0.0017860789872150727,0.001769026551286167
2.44,0.0018195381275079396,0.0018247693339325463,0.0018073451776084721
2.46,0.0018589513870281573,0.0018642195080426772,0.001846416343764505
2.48,0.001899138637947651,0.0019044444216461825,0.0018862548188954083
2.5,0.0019401150704771463,0.0019454592791103887,0.0019268756616172098
2.52,0.00198189617253425,0.0019872795827818716,0.0019682942256790876
2.54,0.0020244977355602773,0.002029921138810128,0.0020105261657316358
2.56,0.0020679358604501945,0.0020734000630844253,0.0020535874432072295
2.58,0.002112226963597828,0.0021177327872859996,0.002097494332314674
2.6,0.0021573877830585965,0.002162936065057817,0.0021422634261503023
2.62,0.002203435384831954,0.002209026978294154,0.002187911642927784
2.64,0.002250387169265917,0.0022560229435522913,0.0022344562323288863
2.66,0.002298260877585945,0.0023039417185886715,0.0022819147819775417
2.68,0.0023470745985506125,0.0023528014090219004,0.002330305224039579
2.7,0.0023968467752364564,0.002402620475125011,0.0023796458419505016
2.72,0.0024475962119545136,0.0024534177387494894,0.002429955277273786
2.74,0.002499342081301013,0.0025052123903835603,0.002481252536692198
2.7600000000000002,0.002552103931344851,0.002558023996347301,0.002533556999134663
2.7800000000000002,0.002605901692954396,0.002611872506127226,0.0025868884230412846
2.8000000000000003,0.002660755687266338,0.0026667782598529598,0.0026412669537691433
2.82,0.0027166866332992584,0.002722761995918762,0.002696713131141591
2.84,0.00277371565571469,0.002779844858752623,0.0027532478971437303
2.86,0.002831864292728486,0.00283804840673577,0.0028108926037669177
2.88,0.0028911545041753433,0.002897394620275451,0.0028696690210051083
2.9,0.0029516086797294083,0.0029579059100338905,0.002929599345005922
2.92,0.003013249647283932,0.0030196051253164264,0.0029907062063793976
2.94,0.0030761006814929905,0.003082515562621819,0.003053012678667429
2.96,0.0031401855124783534,0.0031466609743578356,0.003116542286976935
2.98,0.0032055283347046442,0.0032120655777252535,0.0031813190167798715
3,0.00327215381602596,0.0032787540637734566,0.003247367322883262
3.02,0.003340087106907241,0.0033467516066308977,0.003314712138572461
3.04,0.003409353849823645,0.003416083872913742,0.0033833788849309495
3.06,0.00347998018884136,0.0034867770313160525,0.003453393480339991
3.08,0.0035519927793832215,0.0035588577623849624,0.0035247823501615644
3.1,0.0036254187981826945,0.003632353268484336,0.0035975724366080343
3.12,0.0037002859534297165,0.0037072912839504705,0.003671791208802098
3.14,0.0037766224951120515,0.0037837000854434614,0.003747466673030587
3.16,0.0038544572255558617,0.0038616085024979515,0.003824627383195796
3.18,0.0039338195101691975,0.003941045928276975,0.0039033024514680587
3.2,0.004014739288392277,0.0040220423305327635,0.003983521559143365
3.22,0.004097247084858416,0.004104628262778384,0.00406531496770986
3.24,0.004181374020769579,0.004188834875674178,0.004148713530127199
3.2600000000000002,0.004267151825490564,0.004274693928633048,0.004233748702322702
3.2800000000000002,0.004354612848365947,0.004362237801648678,0.004320452554908413
3.3000000000000003,0.004443790070763959,0.004451499507350871,0.004408857785123217
3.3200000000000003,0.004534717118351504,0.004542512703292293,0.004498997729004171
3.34,0.004627428273604693,0.00463531170447088,0.004590906373791437
3.36,0.004721958488559281,0.004729931496092395,0.004684618370571083
3.38,0.004818343397805448,0.004826407746577566,0.004780169047160274
3.4,0.004916619331731556,0.004924776820818363,0.004877594421239341
3.42,0.005016823330021413,0.005025075793688114,0.004976931213735315
3.44,0.005118993155409894,0.005127342463810108,0.005078216862461658
3.46,0.005223167307701579,0.005231615367589548,0.005181489536018906
3.48,0.00532938503805742,0.005337933793513718,0.005286788147961108
3.5,0.005437686363554313,0.005446337796725331,0.00539415237123297
3.52,0.005548112082022682,0.0055568682138741644,0.005503622652882721
3.54,0.005660703787167182,0.005669566678252059,0.005615240229055844
3.56,0.005775503883975806,0.0057844756352165815,0.005729047140274807
3.58,0.0058925556044226385,0.005901638357908658,0.005845086247010118
3.6,0.006011903023469756,0.006021098963269564,0.005963401245548055
3.62,0.006133591075373696,0.006142902428362846,0.006084036684160564
3.64,0.0062576655703021605,0.00626709460700671,0.006207037979582819
3.66,0.006384173211266604,0.006393722246722632,0.0063324514338042
3.68,0.006513161611376501,0.006522833006005942,0.006460324251178312
3.7,0.006644679311421216,0.006654475471924315,0.006590704555857992
3.72,0.006778775797785406,0.006788699178050134,0.006723641409561199
3.74,0.00691550152070407,0.006925554622732787,0.006859184829673821
3.7600000000000002,0.007054907912863465,0.007065093287717201,0.006997385807695582
3.7800000000000002,0.00719704740835409,0.007207367657114759,0.007138296328035231
3.8000000000000003,0.007341973461982234,0.007352431236733145,0.007281969387161446
3.8200000000000003,0.007489740568946505,0.007500338573771469,0.007428459013115824
3.84,0.007640404284886005,0.007651145276887465,0.0075778202853945585
3.86,0.007794021246306801,0.007804908036643304,0.007730109355205454
3.88,0.007950649191393582,0.007961684646336984,0.007885383466107083
3.9,0.008110346981213398,0.008121534023226146,0.008043700975036918
3.92,0.008273174621318494,0.008284516230151423,0.00820512137373548
3.94,0.008439193283755466,0.00845069249756646,0.008369705310573562
3.96,0.00860846532948796,0.008620125245981885,0.008537514612789811
3.98,0.008781054331240294,0.008792878108830638,0.008708612309145958
4,0.00895702509676953,0.008969015955762128,0.00888306265300714
4.0200000000000005,0.009136443692573644,0.00914860491637289,0.009060931145854914
4.04,0.009319377468043386,0.009331712404381487,0.009242284561240642
4.0600000000000005,0.009505895080065946,0.009518407142255441,0.00942719096918702
4.08,0.009696066518088114,0.00970875918629833,0.009615719761045726
4.1,0.009889963129647248,0.009902839952204982,0.009807941674819194
4.12,0.010087657646378194,0.010100722241093145,0.010003928820954702
4.14,0.010289224210504455,0.010302480266019914,0.010203754708619077
4.16,0.010494738401822233,0.010508189678991408,0.010407494272462408
4.18,0.010704277265185747,0.010717927598474305,0.010615223899879336
4.2,0.010917919338502701,0.010931772637417988,0.01082702145877656
4.22,0.011135744681248725,0.011149804931796126,0.01104296632585545
4.24,0.011357834903509702,0.011372106169676736,0.011263139415418516
4.26,0.011584273195561181,0.01159875962082979,0.011487623208708986
4.28,0.011815144357994072,0.011829850166881635,0.011716501783792565
4.3,0.012050534832396,0.012065464332025674,0.011949860845990718
4.32,0.012290532732597842,0.01230569031429868,0.012187787758874878
4.34,0.012535227876495067,0.012550618017432569,0.01243037157583131
4.36,0.012784711818453646,0.012800339083291238,0.012677703072206151
4.38,0.013039077882310433,0.013054946924902526,0.012929874778040614
4.4,0.01329842119497813,0.013314536760095256,0.013186981011406244
4.42,0.01356283872066486,0.013579205645751538,0.013449117912350437
4.44,0.013832429295718771,0.013849052512684742,0.013716383477462379
4.46,0.014107293664108116,0.01412417820115347,0.013988877595069834
4.48,0.01438753451354727,0.01440468549702221,0.014266702081077307
4.5,0.014673256512279534,0.01469067916857931,0.014549960715456195
4.5200000000000005,0.014964566346527475,0.014982266004023203,0.014838759279397741
4.54,0.015261572758621816,0.01527955484962782,0.015133205593139753
4.5600000000000005,0.015564386585819974,0.015582656648598349,0.015433409554478028
4.58,0.015873120799825505,0.01589168448062854,0.015739483177973797
4.6000000000000005,0.016187890547019884,0.016206753602171043,0.016051540634868453
4.62,0.016508813189417902,0.016527981487432186,0.016369698293717
4.64,0.016836008346358775,0.016855487870102905,0.016694074761751852
4.66,0.017169597936944173,0.017189394785837697,0.01702479092698871
4.68,0.017509706223235524,0.017529826615493283,0.017361970001086278
4.7,0.01785645985422245,0.017876910129139282,0.017705737562971936
4.72,0.018209987910574425,0.018230774530852874,0.018056221603245336
4.74,0.018570421950188046,0.018591551504309835,0.018413552569372243
4.76,0.018937896054542304,0.01895937525918434,0.01877786341168095
4.78,0.01931254687587435,0.01933438257837014,0.01914928963017372
4.8,0.01969451368518839,0.019716712866035564,0.019527969322165935
4.82,0.020083938421110566,0.020106508196525423,0.019914043230765524
4.84,0.020480965739602522,0.020503913364122467,0.02030765479420569
4.86,0.02088574306454689,0.020909075933681482,0.02070895019604372
4.88,0.021298420639217573,0.021322146292149173,0.02111807841623899
4.9,0.021719151578648097,0.02174327770098302,0.02153519128312343
4.92,0.022148091922911478,0.02217262634948233,0.021960443526277497
4.94,0.022585400691324746,0.02261035140904516,0.022393992830325265
4.96,0.02303123993759185,0.023056615088364294,0.022835999889661913
4.98,0.023485774805898422,0.023511582689576153,0.02328662846412728
5,0.023949173587972133,0.02397542266537613,0.023746045435639088
5.0200000000000005,0.024421607781122314,0.024448306677114322,0.024214420865799557
5.04,0.024903252147272736,0.024930409653885224,0.024691928054489193
5.0600000000000005,0.025394284773001506,0.02542190985262562,0.025178743599461754
5.08,0.02589488713060184,0.02592298891923438,0.025675047456954155
5.1000000000000005,0.026405244140178023,0.02643383195072837,0.026181023003325456
5.12,0.02692554423279032,0.02695462755844838,0.026696857097738974
5.14,0.02745597941466324,0.027485567932329615,0.027222740145901522
5.16,0.027996745332471082,0.028026848906250238,0.02775886616487408
5.18,0.028548041339715072,0.02857867002447288,0.02830543284896804
5.2,0.029110070564206277,0.02914123460919272,0.028862641636741047
5.22,0.029683039976668452,0.02971474982920693,0.029430697779106948
5.24,0.03026716046047516,0.03029942676971924,0.030009810408573923
5.26,0.03086264688253512,0.030895480503294125,0.030600192609625012
5.28,0.031469718165340374,0.03150313016197462,0.031202061490255242
5.3,0.032088597360191075,0.03212259901057829,0.0318156382546797
5.32,0.0327195117216111,0.03275411452118501,0.03244114827722655
5.34,0.0333626927829688,0.033397908448831184,0.033078821177429045
5.36,0.03401837643331661,0.0340542169084238,0.033728890896330986
5.38,0.03468680299546351,0.03472328045288898,0.034391595774018985
5.4,0.03536821730529436,0.035405344152568206,0.035067178628396076
5.42,0.03606286879234958,0.03610065767587655,0.03575588683521002
5.44,0.03677101156167911,0.036809475371236064,0.0364579724093502
5.46,0.037492904476983724,0.03753205635029822,0.03717369208742669
5.48,0.03822881124505751,0.03826866457246852,0.03790330741164479
5.5,0.03897900050154427,0.03901956893074641,0.038647084814988436
5.5200000000000005,0.03974374589802103,0.03978504333889376,0.03940529570772542
5.54,0.040523326190421406,0.040565366819944486,0.04017821656524742
5.5600000000000005,0.041318025328811306,0.04136082359606779,0.040966129017257595
5.58,0.042128132548529436,0.04217170317979765,0.04176931993831787
5.6000000000000005,0.04295394246270437,0.04299830046664035,0.04258808153976843
5.62,0.04379575515616022,0.043840915829071805,0.043422711463031206
5.64,0.0446538762807221,0.044699855211936416,0.04427351287430876
5.66,0.0455286171519328,0.04557543022925822,0.04514079456069034
5.68,0.046420294847190964,0.046467958262475205,0.04602487102767548
5.7,0.04732923230532155,0.04737776256010746,0.046926062598126095
5.72,0.04825575842758832,0.048305172338868545,0.047844695512657014
5.74,0.04920020818015795,0.04925052288623012,0.04878110203147483
5.76,0.050162922698024526,0.05021415566444856,0.04973562053767435
5.78,0.05114424939040333,0.05119641841606228,0.050708595642001204
5.8,0.05214454204760183,0.052197665270867714,0.0517003782890892
5.82,0.053164160949375046,0.05321825685438132,0.05271132586518001
5.84,0.05420347297477244,0.05425856039779464,0.05374180230733225
5.86,0.05526285171348241,0.055318949849428395,0.05479217821412666
5.88,0.056342677578679924,0.05639980598769157,0.055862830957873186
5.9,0.057443337921382086,0.05750151653554976,0.0569541447983251
5.92,0.05856522714631601,0.05862447627650727,0.05806651099790464
5.94,0.05970874682930166,0.0597690871721064,0.059200327938444194
5.96,0.06087430583615306,0.060935758480945894,0.06035600123944508
5.98,0.06206232044309835,0.06212490687922059,0.06153394387785719
6,0.06327321445872068,0.0633369565827829,0.06273457630937937
6.0200000000000005,0.06450741934741847,0.0645723394707256,0.06395832659128191
6.04,0.06576537435438427,0.06583149521048509,0.06520563050674932
6.0600000000000005,0.06704752663210055,0.06711487138446244,0.06647693169074252
6.08,0.0683543313683473,0.06842292361815885,0.06777268175737679
6.1000000000000005,0.06968625191571874,0.06975611570982103,0.06909334042881214
6.12,0.07104375992264195,0.0711149197615907,0.07043937566565019
6.140000000000001,0.07242733546589109,0.072499816312151,0.07181126379883171
6.16,0.07383746718458832,0.07391129447086146,0.07320948966302679
6.18,0.07527465241568218,0.07534985205337177,0.07463454673150856
6.2,0.07673939733089159,0.07681599571870314,0.07608693725249996
6.22,0.07823221707510297,0.07831024110778438,0.07756717238698148
6.24,0.07975363590620671,0.07983311298342836,0.07907577234794662
6.26,0.08130418733635583,0.08138514537173354,0.08061326654108958
6.28,0.0828844142746306,0.08296688170489144,0.08218019370690845
6.3,0.08449486917108834,0.08457887496538245,0.08377710206420572
6.32,0.08613611416217834,0.08622168783153729,0.08540454945496508
6.34,0.08780872121749793,0.08789589282444164,0.08706310349058287
6.36,0.08951327228786463,0.08960207245615845,0.08875334169942979
6.38,0.09125035945467765,0.0913408193792408,0.09047585167571635
6.4,0.09302058508053854,0.09311273653750611,0.09223123122963445
6.42,0.09482456196110033,0.09491843731803966,0.0940200885387435
6.44,0.09666291347811029,0.09675854570439343,0.09584304230056954
6.46,0.09853627375361082,0.09863369643094502,0.09770072188638108
6.48,0.10044528780525919,0.10054453513837615,0.09959376749610518
6.5,0.10239061170272491,0.10249171853023076,0.10152283031434245
6.5200000000000005,0.10437291272512113,0.10447591453050808,0.10348857266743938
6.54,0.10639286951942235,0.1064978024422441,0.10549166818157221
6.5600000000000005,0.10845117225982044,0.10855807310703158,0.10753280194179393
6.58,0.11054852280796473,0.11065742906542676,0.10961267065199362
6.6000000000000005,0.11268563487403223,0.11279658471818635,0.11173198279571388
6.62,0.11486323417856832,0.11497626648827665,0.11389145879777011
6.640000000000001,0.11708205861503652,0.11719721298359316,0.11609183118660948
6.66,0.11934285841301248,0.11946017516032485,0.1183338447573485
6.68,0.12164639630195269,0.12176591648689532,0.12061825673542012
6.7,0.12399344767546712,0.1241152131084078,0.12294583694076155
6.72,0.12638480075601924,0.12650885401151923,0.12531736795246817
6.74,0.1288212567599743,0.1289476411896631,0.12773364527383557
6.76,0.1313036300629126,0.1314323898085387,0.13019547749770974
6.78,0.133832748365121,0.13396392837177867,0.1327036864720585
6.8,0.13640945285717104,0.13654309888670457,0.13525910746567607
6.82,0.13903459838548812,0.13917075703007406,0.13786258933392753
6.84,0.14170905361781394,0.14184777231372103,0.14051499468443449
6.86,0.14443370120845572,0.14457502824998436,0.1432172000426018
6.88,0.14720943796321573,0.14735342251681688,0.14597009601687808
6.9,0.1500371750038879,0.15018386712246157,0.14877458746363964
6.92,0.15291783793220384,0.15306728856957735,0.15163159365158255
6.94,0.1558523669931059,0.15600462801869255,0.15454204842550273
6.96,0.15884171723721982,0.15899684145085788,0.15750690036933954
6.98,0.16188685868239605,0.16204489982936762,0.16052711296835276
7,0.16498877647418103,0.16514978926041143,0.16360366477029836
7.0200000000000005,0.16814847104507732,0.16831251115251375,0.16673754954546335
7.04,0.17136695827244358,0.17153408237461418,0.16992977644541413
7.0600000000000005,0.17464526963488386,0.17481553541263456,0.173181370160309
7.08,0.17798445236696467,0.17815791852437576,0.17649337107461677
7.1000000000000005,0.18138556961209848,0.18156229589257805,0.1798668354210839
7.12,0.18484970057342304,0.1850297477759777,0.1833028354327792
7.140000000000001,0.18837794066250138,0.1885613706581824,0.18680245949304655
7.16,0.19197140164566126,0.19215827739418603,0.19036681228318605
7.18,0.19563121178778808,0.19582159735433524,0.19399701492768015
7.2,0.19935851599337798,0.19955247656555342,0.19769420513677408
7.22,0.20315447594465177,0.2033520778496268,0.20145953734621555
7.24,0.20702027023652714,0.20722158095834411,0.2052941828539517
7.26,0.21095709450823588,0.21116218270528106,0.20919932995357504
7.28,0.2149661615713704,0.21517509709401209,0.21317618406430436
7.3,0.21904870153413783,0.21926155544252637,0.21722596785728204
7.32,0.22320596192158995,0.22342280650361826,0.2213499213779586
7.34,0.22743920779159574,0.2276601165810171,0.22554930216433527
7.36,0.23174972184631465,0.23197476964101546,0.22982538536082397
7.38,0.23613880453892233,0.23636806741934635,0.23417946382748084
7.4,0.24060777417533577,0.24084132952305656,0.23861284824436174
7.42,0.2451579670106772,0.24539589352711624,0.2431268672107433
7.44,0.24979073734021195,0.2500331150654975,0.247722867338947
7.46,0.2545074575844869,0.2547543679164511,0.2524022133424945
7.48,0.2593095183683923,0.2595610440817011,0.25716628811832304
7.5,0.26419832859386316,0.2644545538592759,0.26201649282277456
7.5200000000000005,0.26917531550592994,0.26943632590968336,0.2669542469410777
7.54,0.2742419247518238,0.2745078073151359,0.2719809883500237
7.5600000000000005,0.27939962043283484,0.2796704636315239,0.27709817337354276
7.58,0.28464988514861694,0.28492577893283016,0.2823072768308732
7.6000000000000005,0.2899942200336296,0.29027525584767505,0.2876097920770184
7.62,0.29543414478539637,0.2957204155876741,0.2930072310351715
7.640000000000001,0.3009711976842608,0.30126279796728583,0.29850112422079433
7.66,0.30660693560431346,0.3069039614148247,0.3040930207570216
7.68,0.3123429340151585,0.31264548297430733,0.3097844883810645
7.7,0.3181807869741856,0.3184889582977962,0.31557711344127914
7.72,0.3241221071090067,0.32443600162790287,0.321472500884564
7.74,0.3301685255897179,0.33048824577010677,0.32747227423374337
7.76,0.3363216920906382,0.3366473420545448,0.3335780755545946
7.78,0.34258327474117783,0.34291496028692164,0.3397915654121705
7.8,0.34895496006548393,0.34929278868819,0.3461144228160666
7.82,0.3554384529105125,0.3557825338226463,0.3525483451542818
7.84,0.3620354763621665,0.36238592051408786,0.3590950481153159
7.86,0.36874777164915,0.36910469174967186,0.36575626559814994
7.88,0.3755770980341758,0.3759406085711223,0.372533749609751
7.9,0.3825252326921726,0.3828954499529248,0.37942927014974415
7.92,0.3895939705751304,0.3899710126671503,0.3864446150818933
7.94,0.39678512426323287,0.3971691111345543,0.393581589992035
7.96,0.40410052380191563,0.4044915772615929,0.40084201803210656
7.98,0.4115420165245018,0.41194026026300357,0.40822773974991766
8,0.4191114668600595,0.4195170264695983,0.41574061290430747
8.02,0.4268107561261402,0.42722375912092336,0.4233825122653449
8.040000000000001,0.43464178230604683,0.43506235814244076,0.4311553293992208
8.06,0.4426064598102991,0.44303473990689024,0.43906097243749204
8.08,0.45070671922195915,0.45114283697950264,0.4471013658303433
8.1,0.45894450702549083,0.4593885978467337,0.45527845008353396
8.120000000000001,0.46732178531883484,0.46777398662819814,0.46359418147870457
8.14,0.4758405315083838,0.476300982771493,0.47205053177673245
8.16,0.4845027379865555,0.4849715807296053,0.4806494879038204
8.18,0.49331041179167207,0.4937877896206094,0.4893930516200265
8.2,0.5022655742498574,0.5027516328693716,0.49828323916994116
8.22,0.511370260598685,0.5118651478309887,0.5073220809152367
8.24,0.5206265195923132,0.5211303853957008,0.5165116209488201
8.26,0.530036413087865,0.5305494095750315,0.5258539166903402
8.28,0.5396020156128147,0.5401242970689226,0.5353510384628059
8.3,0.5493254139131726,0.5498571368136498,0.5450050690500915
8.32,0.55920870648226,0.5597500295103136,0.5548181032351241
8.34,0.5692540030698956,0.5698050871337264,0.564792247318556
8.36,0.5794634241718283,0.5800244324215291,0.5749296186177525
8.38,0.5898391004992704,0.590410198343392,0.5852323449459373
8.4,0.600383172428407,0.6009645275501785,0.5957025640713632
8.42,0.6110977894297784,0.611689571802961,0.6063424231563931
8.44,0.6219851094774578,0.6225874913818192,0.617154078176397
8.46,0.6330472984379626,0.6336604544743535,0.6281396933184032
8.48,0.6442865294388731,0.6449106365438906,0.6393014403594528
8.5,0.6557049822171496,0.656340219677368,0.6506414980246417
8.52,0.6673048424471674,0.6679513919129251,0.6621620513248595
8.540000000000001,0.6790883010485247,0.679746346547243,0.6738652908742538
8.56,0.6910575534736915,0.6917272814227157,0.6857534121874925
8.58,0.7032147989756181,0.7038963981945583,0.6978286149569081
8.6,0.7155622398554308,0.7162559015779899,0.7100931023096521
8.620000000000001,0.7281020806903931,0.7288079985756626,0.7225490800450115
8.64,0.7408365275423304,0.7415548976855393,0.7351987558520767
8.66,0.753767787146756,0.7544988080894546,0.7480443385079751
8.68,0.7668980660829678,0.7676419388226307,0.7610880370569303
8.700000000000001,0.7802295699254234,0.7809864979244546,0.7743320599704282
8.72,0.7937645023767274,0.7945346915708571,0.7877786142888201
8.74,0.8075050643826215,0.8082887231886674,0.8014299047447164
8.76,0.8214534532293746,0.8222507925523639,0.8152881328685687
8.78,0.8356118616240418,0.8364230948636711,0.8293554960768772
8.8,0.8499824767580659,0.8508078198144862,0.8436341867434863
8.82,0.8645674793547597,0.8654071506336741,0.8581263912544872
8.84,0.8793690427012331,0.8802232631182889,0.872834289047263
8.86,0.8943893316653653,0.8952583246498271,0.8877600516342758
8.88,0.9096305016984705,0.9105144931961642,0.9029058416122077
8.9,0.9250946978243397,0.9259939162998515,0.9182738116571254
8.92,0.9407840536153743,0.941698730053491,0.933866103506373
8.94,0.9567006901565788,0.957631058062959,0.949684846927928
8.96,0.9728467149982036,0.9737930103992689,0.9657321586780023
8.98,0.9892242210978806,0.9901866825399124,0.9820101414477096
9,1.0058352857531196,1.0068141543005542,0.9985208827996477
9.02,1.022681969525078,1.0236774887579878,1.0152664540952934
9.040000000000001,1.0397663151545509,1.0407787311653056,1.0322489094141354
9.06,1.0570903464711623,1.0581199078602548,1.0494702844655137
9.08,1.0746560672967753,1.07570302516781,1.0669325954941622
9.1,1.092465460344163,1.0935300682980007,1.0846378381804858
9.120000000000001,1.1105204861120361,1.1116030002400823,1.102587986536643
9.14,1.1288230817775242,1.1299237606541586,1.1207849917995305
9.16,1.1473751600872608,1.1484942647614036,1.1392307813217897
9.18,1.1661786082482404,1.167316402234051,1.1579272574620032
9.200000000000001,1.1852352868196414,1.1863920360863431,1.176876296475256
9.22,1.2045470286068345,1.2057230015676672,1.1960797474052733
9.24,1.224115637558822,1.2253111050591126,1.215539430979362
9.26,1.2439428876703658,1.2451581229747315,1.2352571385074165
9.28,1.2640305218900934,1.2652658006687567,1.2552346307862607
9.3,1.2843802510358673,1.2856358513501016,1.2754736370106021
9.32,1.3049937527187445,1.3062699550054413,1.2959758536919317
9.34,1.3258726702768329,1.3271697573321977,1.3167429435866524
9.36,1.3470186117203895,1.3483368686827697,1.3377765346347967
9.38,1.368433148689491,1.3697728630213373,1.3590782189106447
9.4,1.3901178154256224,1.391479276894593,1.3806495515866004
9.42,1.412074107758524,1.413457608417734,1.4024920499116564
9.44,1.4343034821096383,1.4357093162770704,1.4246071922057988
9.46,1.4568073545135007,1.4582358187505677,1.4469964168716913
9.48,1.4795870996583895,1.4810384927476785,1.4696611214249657
9.5,1.502644049947566,1.50411867286976,1.4926026615444492
9.52,1.525979494582408,1.5274776504924013,1.5158223501436447
9.540000000000001,1.5495946786687194,1.5511166728709387,1.5393214564647508
9.56,1.5734908023474958,1.5750369422704373,1.563101205196511
9.58,1.5976690199513859,1.5992396151213855,1.5871627756171576
9.6,1.622130439188073,1.6237258012023226,1.6115073007636627
9.620000000000001,1.6468761203517805,1.6484965628506023,1.6361358666285366
9.64,1.6719070755640444,1.6735529142024492,1.6610495113853276
9.66,1.6972242680449081,1.6988958204634397,1.6862492246439853
9.68,1.7228286114156082,1.724526197210509,1.7117359467371882
9.700000000000001,1.7487209690338237,1.7504449097265224,1.7375105680387282
9.72,1.7749021533624845,1.7766527723684447,1.7635739283149503
9.74,1.8013729253731217,1.8031505479700498,1.7899268161102855
9.76,1.828133993984659,1.829938947280111,1.816569968167769
9.78,1.855186015538536,1.857018628436938,1.8435040688854782
9.8,1.8825295933109636,1.8843901964800587,1.8707297498097084
9.82,1.910165277063086,1.9120542028998468,1.8982475891656974
9.84,1.938093562629752,1.9400111452257696,1.9260581114266182
9.86,1.9663148915475412,1.968261466653919,1.954161786921527
9.88,1.9948296507226462,1.9968055557144262,1.9825590314828887
9.9,2.0236381721391283,2.0256437459792607,2.0112502061342235
9.92,2.0527407326080103,2.0547763158109125,2.0402356168184004
9.94,2.082137553557624,2.084203488152336,2.06951551416698
9.96,2.111828800865525,2.113925430358494,2.0990900933109904
9.98,2.1418145847322645,2.1439422540697897,2.128959493733447
10,2.172094959597211,2.1742540151275653,2.1591237991638343
10.02,2.2026699240965595,2.2048607135318226,2.1895830375147356
10.040000000000001,2.233539421063599,2.235762293441216,2.2203371808606995
10.06,2.264703337571229,2.266958643215346,2.2513861454593935
10.08,2.2961615050166784,2.298449595499246,2.2827297918149885
10.1,2.3279136992482523,2.3302349273499647,2.3143679247836926
10.120000000000001,2.3599596407339525,2.3623143604050107,2.3463002937212556
10.14,2.3922989947716635,2.3946875610924128,2.3785265926722072
10.16,2.424931371740576,2.427354140882043,2.4110464606005246
10.18,2.4578563273934675,2.4603136565778074,2.443859481661367
10.200000000000001,2.491073363189337,2.493565610650238,2.476965185513438
10.22,2.524581926665907,2.527109451608965,2.5103630476714804
10.24,2.5583814118513675,2.5609445744144543,2.5440524898983368
10.26,2.5924711597147385,2.5950703209284027,2.578032880635983
10.28,2.626850458654123,2.6294859804020323,2.6123035354748096
10.3,2.661518545022103,2.6641907900015704,2.6468637176604637
10.32,2.6964746036874576,2.6991839353700553,2.68171263863743
10.34,2.731717768632315,2.734464551224617,2.7168494586285106
10.36,2.76724712358385,2.770031721988321,2.7522732872493276
10.38,2.803061702679542,2.8058844824555944,2.7879831841568725
10.4,2.839160491164976,2.84202181849021,2.823978159731152
10.42,2.8755424261231437,2.8784426677548143,2.860257175788861
10.44,2.9122063972341583,2.9151459204708683,2.896819146328033
10.46,2.949151247564242,2.9521304202078826,2.933662938302547
10.48,2.9863757743828137,2.9893949647007934,2.970787372425344
10.5,3.0238787300065018,3.0269383066942646,3.008191223999176
10.52,3.061658822668858,3.0647591548127067,3.0458732237736794
10.540000000000001,3.099714717414507,3.1028561744547614,3.083832058827526
10.56,3.138045037016469,3.141227988710979,3.1220663734744094
10.58,3.1766483629153828,3.1798731793033888,3.160574770191574
10.6,3.215523236179293,3.218790287545687,3.1993558105695894
10.620000000000001,3.2546681584827137,3.2579778153226715,3.2384080162820648
10.64,3.294081593103606,3.297434226087652,3.277729870073967
10.66,3.333761965936972,3.3371579458764473,3.317319816767219
10.68,3.3737076665236816,3.377147364336661,3.357176264282241
10.700000000000001,3.4139170490932234,3.4174008357708665,3.397297584674068
10.72,3.454388433619018,3.4579166801923944,3.4376821151817367
10.74,3.495120106884959,3.498693184392329,3.478328159289569
10.76,3.5361103235618567,3.539728603016435,3.5192339877990344
10.78,3.5773573072924596,3.581021159650664,3.560397839909865
10.8,3.618859251783717,3.622569047913925,3.6018179243090818
10.82,3.6606143219050398,3.6643704325568307,3.6434924202666568
10.84,3.7026206547912217,3.706423450565137,3.685419478736511
10.86,3.744876360948794,3.748726212266613,3.7275972234615544
10.88,3.7873795253645426,3.791276802440086,3.770023752081562
10.9,3.8301282086150095,3.834073281425446,3.8126971372425893
10.92,3.873120447975728,3.8771136862334425,3.855615427706782
10.94,3.9163542585290783,3.920396031654045,3.8987766494613614
10.96,3.9598276342695717,3.963918311362281,3.942178806825632
10.98,4.003538549205493,4.0076784990203995,3.9858198835548944
11,4.047484958455792,4.05167454937531,4.029697843940155
11.02,4.091664799341175,4.09590439935022,4.073810633902587
11.040000000000001,4.1360759924684105,4.140365969129462,4.118156182081676
11.06,4.180716442806831,4.185057163235547,4.162732400916073
11.08,4.225584040756092,4.22997587159746,4.207537187716204
11.1,4.270676663204308,4.275119970609325,4.2525684257276755
11.120000000000001,4.315992174575645,4.32048732417854,4.297823985184589
11.14,4.3615284278665705,4.366075784762554,4.343301724351943
11.16,4.407283265669947,4.411883194393493,4.38899949055626
11.18,4.453254521186219,4.457907385689857,4.434915121203689
11.200000000000001,4.499440019220937,4.504146182854594,4.481046444784829
11.22,4.545837577168001,4.5505974026588385,4.527391281865576
11.24,4.59244500597793,4.597258855410696,4.573947446063333
11.26,4.639260111110537,4.644128345908437,4.6207127450079515
11.28,4.6862806934715255,4.6912036743775865,4.667684981286815
11.3,4.733504550332374,4.738482637391315,4.7148619533735365
11.32,4.780929476233109,4.785963028773691,4.762241456539753
11.34,4.828553263867453,4.83364264048533,4.809821283749509
11.36,4.8763737049499705,4.881519263491002,4.8575992265358785
11.38,4.924388591064817,4.929590688608884,4.905573075859331
11.4,4.972595714495751,4.977854707341005,4.953740622947576
11.42,5.020992869037116,5.026309112684716,5.002099660116478
11.44,5.06957785078551,5.074951699924794,5.0506479815718235
11.46,5.118348458911905,5.123780267406028,5.099383384191639
11.48,5.167302496414027,5.1727926172860235,5.148303668288864
11.5,5.216437770848806,5.221986556268099,5.1974066383541935
11.52,5.265752095044793,5.271359896314112,5.246690103778921
11.540000000000001,5.315243287794384,5.320910455337132,5.2961518795576765
11.56,5.36490917452582,5.370636057873828,5.34578978697093
11.58,5.4147475879549,5.420534535736597,5.3956016542472796
11.6,5.4647563687163805,5.470603728645365,5.445585317205366
11.620000000000001,5.514933365975051,5.520841484839052,5.495738619875538
11.64,5.5652764380165705,5.571245661666804,5.5460594151011815
11.66,5.615783452818059,5.621814126158944,5.596545565119809
11.68,5.666452288598563,5.672544755577831,5.647194942123991
11.700000000000001,5.717280834349492,5.723435437948656,5.69800542880216
11.72,5.768266990345139,5.774484072570318,5.748974918859462
11.74,5.819408668633434,5.825688570506539,5.800101317518771
11.76,5.870703793507115,5.8770468550573804,5.8513825420020105
11.78,5.922150301955461,5.928556862211315,5.902816521991942
11.8,5.973746144096822,5.980216541078103,5.954401200074672
11.82,6.025489283592153,6.032023854302652,6.006134532163034
11.84,6.077377698039771,6.083976778460095,6.058014487901051
11.86,6.129409379351586,6.136073304432351,6.110039051049801
11.88,6.181582334111098,6.188311437766438,6.1622062198548555
11.9,6.233894583913385,6.240689199014762,6.21451400739559
11.92,6.286344165687367,6.293204624057701,6.266960441916663
11.94,6.338929132000707,6.3458557644088005,6.319543567141918
11.96,6.391647551347566,6.398640687502837,6.372261442571022
11.98,6.444497508419577,6.451557476967061,6.425112143759151
12,6.497477104360336,6.504604232876022,6.478093762580058
12.02,6.55058445700376,6.557779071990163,6.531204407472791
12.040000000000001,6.603817701096624,6.611080127978676,6.584442203672453
12.06,6.657174988505604,6.664505551626824,6.6378052934253
12.08,6.7106544884092285,6.718053511028151,6.691291836188552
12.1,6.76425438747501,6.771722191761901,6.744900008815219
12.120000000000001,6.817972890022152,6.825509797056001,6.798628005724342
12.14,6.8718082181701945,6.879414547935971,6.852474039056947
12.16,6.925758611973916,6.933434683360083,6.9064363388181205
12.18,6.979822329544868,6.987568460341178,6.960513153005528
12.200000000000001,7.033997647159913,7.041814154055463,7.014702747724727
12.22,7.088282859357101,7.096170057938637,7.06900340729169
12.24,7.142676279019256,7.1506344837697515,7.123413434322784
12.26,7.197176237445614,7.205205761743098,7.177931149812701
12.280000000000001,7.251781084411893,7.259882240528545,7.2325548932005965
12.3,7.306489188219127,7.31466228732061,7.287283022424798
12.32,7.361298935731624,7.369544287876681,7.342113913966507
12.34,7.416208732404389,7.424526646544693,7.397045962882759
12.36,7.471217002300376,7.479607786280631,7.452077582829044
12.38,7.526322188097887,7.534786148656183,7.507207206071907
12.4,7.581522751088485,7.590060193856897,7.562433283491881
12.42,7.636817171165724,7.645428400671138,7.61775428457708
12.44,7.692203946805059,7.700889266470302,7.673168697407801
12.46,7.747681595035243,7.756441307180404,7.728675028632446
12.48,7.803248651401534,7.812083057245549,7.784271803435088
12.5,7.858903669921029,7.867813069583528,7.839957565495024
12.52,7.914645223030462,7.923629915533831,7.8957308769385985
12.540000000000001,7.97047190152672,7.979532184798428,7.951590318283635
12.56,8.026382314500449,8.035518485375606,8.007534488376772
12.58,8.082375089262944,8.091587443487095,8.06356200432394
12.6,8.13844887126676,8.147737703498938,8.119671501414423
12.620000000000001,8.194602324020165,8.20396792783616,8.175861633038624
12.64,8.250834128995827,8.260276796891716,8.232131070599886
12.66,8.307142985533982,8.316663008929867,8.288478503420718
12.68,8.363527610740311,8.373125279984325,8.344902638643534
12.700000000000001,8.419986739378851,8.429662343751366,8.401402201126325
12.72,8.476519123760093,8.486272951478192,8.4579759333334
12.74,8.533123533624687,8.5429558718468,8.514622595221553
12.76,8.58979875602275,8.599709890853639,8.571340964121811
12.780000000000001,8.646543595189277,8.656533811685115,8.628129834617043
12.8,8.703356872415666,8.713426454589454,8.684988018415684
12.82,8.760237425917762,8.770386656744858,8.741914344221733
12.84,8.817184110700438,8.827413272124403,8.798907657601324
12.86,8.874195798419127,8.884505171357752,8.85596682084602
12.88,8.931271377238378,8.941661241589898,8.913090712833078
12.9,8.988409751687666,8.998880386337255,8.97027822888288
12.92,9.045609842514677,9.056161525341064,9.027528280613693
12.94,9.102870586536216,9.113503594418598,9.084839795793997
12.96,9.160190936486973,9.170905545312053,9.142211718192527
12.98,9.21756986086622,9.228366345535498,9.199643007426252
13,9.275006343782746,9.285884978220006,9.257132638806368
13.02,9.332499384798101,9.343460441957049,9.31467960318263
13.040000000000001,9.390047998768297,9.401091750640434,9.372282906785996
13.06,9.447651215684223,9.458777933306873,9.429941571069904
13.08,9.505308080510778,9.516518033975311,9.48765463255024
13.1,9.563017653024994,9.57431111148522,9.545421142644159
13.120000000000001,9.620779007653194,9.632156239333938,9.6032401675079
13.14,9.67859123330738,9.690052505513224,9.66111078787375
13.16,9.736453433220955,9.747999012345135,9.719032098886279
13.18,9.794364724783861,9.805994876317317,9.777003209937938
13.200000000000001,9.852324239377346,9.864039227917942,9.835023244504157
13.22,9.910331122208364,9.922131211470255,9.893091339978124
13.24,9.968384532143817,9.980269984966936,9.951206647505218
13.26,10.026483641544647,10.03845471990434,10.00936833181738
13.280000000000001,10.084627636099968,10.09668460111678,10.067575571067298
13.3,10.142815714661252,10.154958826610827,10.125827556662774
13.32,10.201047089076743,10.213276607399804,10.184123493101099
13.34,10.25932098402611,10.271637167338632,10.242462597803737
13.36,10.317636636855468,10.330039742958867,10.300844100951265
13.38,10.37599329741282,10.388483583304325,10.359267245318748
13.4,10.434390227884059,10.446967949767119,10.417731286111513
13.42,10.49282670262945,10.505492115924275,10.476235490801535
13.44,10.551302008020897,10.564055367375039,10.53477913896437
13.46,10.609815442279823,10.622657001578856,10.593361522116842
13.48,10.668366315315872,10.681296327694142,10.651981943555379
13.5,10.726953948566432,10.739972666417833,10.710639718195221
13.52,10.785577674837079,10.798685349825956,10.769334172410476
13.540000000000001,10.84423683814293,10.857433721214957,10.82806464387501
13.56,10.902930793551025,10.916217134944153,10.886830481404449
13.58,10.961658907023716,10.975034956279174,10.945631044799047
13.6,11.020420555263195,11.033886561236457,11.004465704687705
13.620000000000001,11.079215125557058,11.092771336428932,11.06333384237303
13.64,11.13804201562516,11.15168867891276,11.12223484967757
13.66,11.19690063346757,11.210637996035407,11.181168128791242
13.68,11.255790397213788,11.269618705284804,11.24013309211991
13.700000000000001,11.314710734973266,11.328630234139874,11.299129162135237
13.72,11.373661084687193,11.387672019922258,11.358155771225874
13.74,11.4326408939816,11.446743509649508,11.417212361549847
13.76,11.491649620021859,11.50584415988942,11.476298384888343
13.780000000000001,11.55068672936848,11.564973436615887,11.535413302500851
13.8,11.609751697834385,11.624130815066113,11.594556584981632
13.82,11.66884401034354,11.683315779599152,11.653727712117648
13.84,11.727963160791038,11.742527823555992,11.71292617274784
13.86,11.787108651904624,11.801766449120988,11.772151464623885
13.88,11.846279995107688,11.861031167184768,11.831403094272437
13.9,11.905476710383727,11.920321497208663,11.890680576858704
13.92,11.964698326142287,11.979636967090519,11.949983436051616
13.94,12.023944379086428,12.038977113032095,12.00931120389044
13.96,12.083214414081631,12.098341479407884,12.068663420652864
13.98,12.142507984026302,12.157729618635491,12.128039634724612
14,12.201824649723713,12.217141091047484,12.187439402470556
14.02,12.261163979755494,12.276575464764763,12.246862288107323
14.040000000000001,12.32052555035668,12.336032315571476,12.306307863577446
14.06,12.379908945292202,12.395511226791426,12.365775708425035
14.08,12.439313755735027,12.45501178916602,12.42526540967294
14.1,12.498739580145683,12.514533600733717,12.48477656170143
14.120000000000001,12.558186024153432,12.574076266711009,12.544308766128449
14.14,12.617652700438905,12.63363939937493,12.603861631691347
14.16,12.677139228618255,12.69322261794707,12.663434774130113
14.18,12.73664523512887,12.752825548479098,12.723027816072223
14.200000000000001,12.796170353116556,12.812447823739847,12.782640386918818
14.22,12.85571422232427,12.87208908310379,12.842272122732584
14.24,12.915276488982308,12.93174897244112,12.901922666127023
14.26,12.974856805700039,12.991427144009318,12.961591666157231
14.280000000000001,13.0344548313591,13.051123256346106,13.021278778212183
14.3,13.094070231008098,13.110836974164023,13.080983663908516
14.32,13.153702675758723,13.170567968246358,13.140705990985728
14.34,13.213351842683421,13.23031591534459,13.200445433202924
14.36,13.27301741471446,13.290080498077277,13.260201670236956
14.38,13.332699080544451,13.349861404830405,13.319974387582022
14.4,13.392396534528316,13.409658329659107,13.379763276450749
14.42,13.45210947658668,13.469470972190933,13.439568033676618
14.44,13.511837612110682,13.529299037530354,13.499388361617916
14.46,13.571580651868164,13.589142236164859,13.559223968062998
14.48,13.631338311911312,13.649000283872265,13.619074566136995
14.5,13.691110313485579,13.708872901629542,13.678939874209894
14.52,13.750896382940098,13.768759815522925,13.738819615805992
14.540000000000001,13.810696251639323,13.828660756659414,13.798713519514713
14.56,13.870509655876154,13.888575461079597,13.858621318902772
14.58,13.930336336786223,13.948503669671856,13.918542752427635
14.6,13.990176040263652,14.00844512808773,13.978477563352376
14.620000000000001,14.05002851687805,14.068399586658805,14.038425499661791
14.64,14.109893521792747,14.128366800314769,14.098386313979834
14.66,14.169770814684421,14.188346528502679,14.158359763488265
14.68,14.229660159663865,14.248338535107623,14.218345609846695
14.700000000000001,14.28956132519811,14.30834258837457,14.278343619113748
14.72,14.349474084033687,14.368358460831434,14.338353561669607
14.74,14.409398213121195,14.428385929213423,14.398375212139582
14.76,14.469333493540987,14.488424774388461,14.458408349319184
14.780000000000001,14.52927971043015,14.548474781283995,14.51845275610007
14.8,14.589236652910559,14.60853573881483,14.578508219397479
14.82,14.649204114018156,14.66860743981217,14.638574530078555
14.84,14.709181890633399,14.728689680953796,14.698651482892092
14.86,14.769169783412728,14.788782262695468,14.758738876399201
14.88,14.829167596721327,14.848884989203299,14.818836512905278
14.9,14.889175138566827,14.908997668287357,14.878944198392949
14.92,14.9491922205342,14.969120111336306,14.939061742456179
14.94,15.0092186577217,15.029252133253117,14.999188958235534
14.96,15.06925426867785,15.08939355239189,15.059325662354302
14.98,15.129298875339511,15.149544190495709,15.119471674855992
15,15.189352302970955,15.209703872635458,15.17962681914251
15.02,15.249414380103982,15.269872427149789,15.239790921913682
15.040000000000001,15.309484938479024,15.330049685586026,15.299963813107617
15.06,15.369563812987227,15.39023548264202,15.360145325842089
15.08,15.42965084161357,15.45042965610907,15.420335296356956
15.1,15.489745865380899,15.510632046815791,15.480533563957536
15.120000000000001,15.549848728294878,15.570842498572876,15.540739970958922
15.14,15.609959277289986,15.63106085811887,15.600954362631217
15.16,15.670077362176325,15.691286975066832,15.661176587145823
15.18,15.730202835587395,15.751520701851888,15.721406495522482
15.200000000000001,15.790335552928743,15.811761893679773,15.781643941577352
15.22,15.850475372327528,15.872010408476136,15.841888781871921
15.24,15.910622154582903,15.932266106836813,15.902140875662788
15.26,15.970775763117292,15.99252885197891,15.962400084852375
15.280000000000001,16.03093606392851,16.052798509692746,16.022666273940388
15.3,16.091102925542685,16.113074948294653,16.082939309976236
15.32,16.151276218968018,16.173358038580556,16.143219062512173
15.34,16.211455817649355,16.233647653780373,16.203505403557337
15.36,16.271641597423535,16.29394366951326,16.263798207532513
15.38,16.331833436475538,16.354245963743555,16.3240973512258
15.4,16.39203121529535,16.414554416737555,16.384402713748884
15.42,16.45223481663569,16.47486891102109,16.444714176494323
15.44,16.51244412547031,16.53518933133767,16.50503162309327
15.46,16.572659028953254,16.595515564607613,16.565354939374203
15.48,16.632879416378604,16.655847499887727,16.625684013322363
15.5,16.69310517914111,16.716185028331715,16.686018735039646
15.52,16.75333621069745,16.776528043151405,16.746358996705613
15.540000000000001,16.813572406528124,16.836876439578482,16.806704692538787
15.56,16.873813664100133,16.897230114827106,16.867055718758962
15.58,16.934059882830233,16.957588968057003,16.927411973549997
15.6,16.99431096404892,17.01795290033736,16.987773357023322
15.620000000000001,17.05456681096494,17.078321814611304,17.048139771182104
15.64,17.114827328630582,17.138695615660982,17.108511119886064
15.66,17.175092423907415,17.199074210073416,17.16888730881688
15.68,17.235362005432872,17.25945750620669,17.229268245444285
15.700000000000001,17.295635983587147,17.319845414157097,17.289653838992727
15.72,17.35591427046096,17.380237845726597,17.350044000408563
15.74,17.416196779823697,17.440634714391,17.410438642328003
15.76,17.476483427092216,17.501035935268668,17.470837679045513
15.780000000000001,17.536774129300234,17.561441425089846,17.531241026482803
15.8,17.597068805068183,17.621851102166456,17.591648602158397
15.82,17.65736737457369,17.682264886362514,17.65206032515778
15.84,17.71766975952253,17.74268269906511,17.71247611610405
15.860000000000001,17.77797588312016,17.803104463155726,17.77289589712909
15.88,17.838285670043707,17.86353010298241,17.833319591845267
15.9,17.89859904641451,17.92395954433204,17.89374712531775
15.92,17.958915939771167,17.984392714403548,17.95417842403715
15.94,18.019236279042993,18.044829541781233,18.014613415892825
15.96,18.079559994524054,18.105269956408765,18.075052030146562
15.98,18.139887017847627,18.16571388956372,18.13549419740683
16,18.200217281961134,18.22616127383233,18.19593984960339
16.02,18.260550721101488,18.286612043085047,18.2563889199625
16.04,18.320887270771003,18.347066132452177,18.31684134298249
16.06,18.381226867713572,18.407523478300313,18.377297054409766
16.080000000000002,18.44156944989149,18.467984018208938,18.43775599121544
16.1,18.50191495646246,18.528447690947605,18.498218091572046
16.12,18.56226332775727,18.588914436453464,18.558683294831027
16.14,18.62261450525765,18.649384195809272,18.61915154150047
16.16,18.682968431574707,18.709856911221696,18.67962277322326
16.18,18.74332505042762,18.77033252600022,18.740096932755623
16.2,18.803684306622866,18.830810984536154,18.800573963946224
16.22,18.86404614603367,18.891292232282318,18.861053811715358
16.240000000000002,18.92441051557999,18.951776215732874,18.921536422034816
16.26,18.98477736320873,19.012262882403736,18.982021741907964
16.28,19.045146637874407,19.07275218081318,19.04250971935021
16.3,19.105518289520138,19.133244060462808,19.10300030336989
16.32,19.16589226905898,19.193738471819067,19.163493443949445
16.34,19.226268528355618,19.254235366294914,19.223989092026994
16.36,19.2866470202084,19.314734696231817,19.28448719947821
16.38,19.347027698331665,19.375236414882288,19.344987719098608
16.4,19.40741051733842,19.435740476392482,19.405490604586003
16.42,19.467795432723385,19.496246835785325,19.465995810523502
16.44,19.52818240084624,19.55675544894392,19.52650329236272
16.46,19.588571378915294,19.61726627259509,19.58701300640715
16.48,19.648962324971386,19.6777792642935,19.6475249097962
16.5,19.7093551978721,19.73829438240584,19.708038960489198
16.52,19.769749957276268,19.79881158609546,19.768555117249832
16.54,19.830146563628805,19.859330835307244,19.829073339630884
16.56,19.890544978145726,19.919852090752666,19.889593587959308
16.580000000000002,19.950945162799567,19.980375313895347,19.95011582332138
16.6,20.01134708030493,20.04090046693666,20.010640007548325
16.62,20.07175069410446,20.101427512801735,20.071166103202223
16.64,20.132155968354915,20.161956415125655,20.131694073561995
16.66,20.19256286791365,20.22248713824002,20.1922238826098
16.68,20.25297135832522,20.283019647159644,20.25275549501769
16.7,20.313381405808304,20.343553907569486,20.31328887613441
16.72,20.37379297724287,20.40408988581203,20.37382399197264
16.740000000000002,20.434206040157544,20.464627548874628,20.434360809196153
16.76,20.494620562717234,20.525166864377294,20.49489929510761
16.78,20.55503651371101,20.5857078005606,20.555439417636205
16.8,20.615453862540143,20.64625032627389,20.61598114532594
16.82,20.675872579206438,20.70679441096365,20.67652444732368
16.84,20.736292634300714,20.767340024662143,20.737069293367814
16.86,20.79671399899158,20.827887137976212,20.79761565377691
16.88,20.857136645014368,20.888435722076302,20.85816349943868
16.9,20.9175605446602,20.94898574868575,20.91871280179908
16.92,20.977985670765484,21.009537190070237,20.979263532851697
16.94,21.038411996701313,21.07009001902739,21.039815665127264
16.96,21.098839496363297,21.130644208876657,21.100369171683468
16.98,21.159268144161462,21.191199733449352,21.160924026094786
17,21.2196979150104,21.251756567078868,21.22148020244272
17.02,21.2801287843195,21.312314684591044,21.28203767530608
17.04,21.340560727983533,21.372874061294862,21.342596419751427
17.06,21.400993722373244,21.433434672973096,21.40315641132386
17.080000000000002,21.461427744326215,21.49399649587337,21.463717626037766
17.1,21.521862771137858,21.554559506699174,21.52428004036788
17.12,21.582298780552616,21.615123682601183,21.584843631240588
17.14,21.642735750755293,21.675689001168745,21.64540837602513
17.16,21.703173660362523,21.736255440421452,21.705974252525245
17.18,21.763612488414505,21.796822978800943,21.766541238970802
17.2,21.824052214366738,21.857391595162767,21.827109314009704
17.22,21.884492818082048,21.917961268768565,21.887678456699845
17.240000000000002,21.944934279822697,21.978531979278145,21.948248646501245
17.26,22.00537658024264,22.039103706742054,22.008819863268457
17.28,22.06581970037995,22.099676431593995,22.069392087242935
17.3,22.126263621649354,22.16025013464343,22.129965299045594
17.32,22.186708325834953,22.22082479706856,22.190539479669628
17.34,22.247153795083044,22.28140040040907,22.251114610473365
17.36,22.30760001189509,22.341976926559365,22.311690673173246
17.38,22.36804695912079,22.402554357761677,22.37226764983699
17.400000000000002,22.42849461995135,22.46313267659947,22.432845522876843
17.42,22.488942977912814,22.523711865990816,22.493424275042997
17.44,22.549392016859542,22.58429190918208,22.5540038894171
17.46,22.609841720967832,22.644872789741633,22.614584349405984
17.48,22.670292074729606,22.705454491553507,22.675165638735265
17.5,22.73074306294629,22.766036998811586,22.735747741443404
17.52,22.79119467072276,22.826620296013534,22.796330641875617
17.54,22.851646883461385,22.887204367954986,22.85691432467806
17.56,22.912099686856237,22.947789199723836,22.917498774791966
17.580000000000002,22.97255306688738,23.008374776694613,22.97808397744804
17.6,23.033007009815265,23.06896108452309,23.038669918160977
17.62,23.093461502175227,23.129548109140735,23.099256582723918
17.64,23.153916530772097,23.190135836749562,23.159843957203112
17.66,23.214372082674917,23.250724253816877,23.22043202793274
17.68,23.274828145211764,23.311313347070104,23.281020781509728
17.7,23.33528470596461,23.37190310349202,23.34161020478874
17.72,23.395741752764387,23.432493510315616,23.40220028487722
17.740000000000002,23.45619927368603,23.493084555019426,23.462791009130488
17.76,23.51665725704372,23.553676225322842,23.52338236514708
17.78,23.5771156913861,23.614268509181365,23.583974340764044
17.8,23.63757456549174,23.674861394782198,23.644566924052317
17.82,23.69803386836448,23.735454870539733,23.705160103312316
17.84,23.7584935892291,23.796048925091178,23.76575386706942
17.86,23.818953717526842,23.856643547292364,23.82634820406977
17.88,23.879414242911185,23.91723872621344,23.886943103275975
17.900000000000002,23.9398751552436,23.977834451134843,23.947538553862984
17.92,24.000336444589486,24.03843071154322,24.00813454521394
17.94,24.060798101214047,24.099027497127434,24.068731066916254
17.96,24.12126011557834,24.159624797774782,24.129328108757658
17.98,24.181722478335445,24.220222603567066,24.189925660722366
18,24.242185180326548,24.280820904776988,24.250523712987267
18.02,24.30264821257725,24.34141969186432,24.311122255918292
18.04,24.363111566293885,24.402018955472474,24.37172128006668
18.06,24.4235752328599,24.46261868642485,24.432320776165547
18.080000000000002,24.484039203832314,24.523218875721472,24.492920735126265
18.1,24.54450347093825,24.583819514535506,24.553521148035127
18.12,24.604968026071568,24.644420594210022,24.61412200614996
18.14,24.665432861289435,24.70502210625464,24.6747233008968
18.16,24.72589796880918,24.765624042342424,24.735325023866704
18.18,24.78636334100492,24.82622639430667,24.79592716681253
18.2,24.846828970404577,24.8868291541378,24.85652972164593
18.22,24.907294849686657,24.94743231398051,24.91713268043411
18.240000000000002,24.967760971677293,25.008035866130523,24.977736035397086
18.26,25.028227329347228,25.068639803032017,25.03833977890448
18.28,25.08869391580893,25.129244117274506,25.09894390347288
18.3,25.149160724313717,25.189848801590134,25.159548401762887
18.32,25.20962774824894,25.25045384885099,25.220153266576354
18.34,25.270094981135266,25.31105925206636,25.280758490853717
18.36,25.330562416623923,25.371665004380066,25.341364067671282
18.38,25.391030048494137,25.43227109906797,25.40196999023867
18.400000000000002,25.451497870650435,25.49287752953531,25.462576251896166
18.42,25.511965877120197,25.553484289314337,25.52318284611234
18.44,25.572434062051087,25.61409137206177,25.583789766481406
18.46,25.63290241970865,25.674698771556486,25.644397006720943
18.48,25.693370944473887,25.735306481697076,25.70500456066948
18.5,25.75383963084092,25.795914496499687,25.765612422284185
18.52,25.814308473414645,25.856522810095615,25.826220585638566
18.54,25.874777466908537,25.917131416729134,25.88682904492014
18.56,25.935246606142353,25.977740310755394,25.94743779442851
18.580000000000002,25.99571588604001,26.03834948663817,26.008046828572876
18.6,26.056185301627437,26.09895893894785,26.068656141870164
18.62,26.116654848030475,26.159568662359455,26.129265728942865
18.64,26.177124520472805,26.220178651650393,26.18987558451701
18.66,26.237594314273995,26.28078890169872,26.25048570342014
18.68,26.29806422484749,26.34139940748114,26.3110960805795
18.7,26.358534247698646,26.402010164071015,26.371706711019886
18.72,26.41900437842289,26.462621166636662,26.432317589861974
18.740000000000002,26.47947461270386,26.523232410439352,26.492928712320406
18.76,26.539944946311515,26.58384389083168,26.55354007370194
18.78,26.600415375100447,26.644455603255697,26.614151669403718
18.8,26.66088589500804,26.705067543241256,26.674763494911552
18.82,26.721356502052796,26.76567970640429,26.735375545798163
18.84,26.781827192332656,26.82629208844511,26.79598781772152
18.86,26.842297962023345,26.886904685146934,26.856600306423253
18.88,26.90276880737673,26.94751749237409,26.917213007726957
18.900000000000002,26.963239724719273,27.008130506070657,26.977825917536702
18.92,27.023710710450437,27.068743722258706,27.038439031835384
18.94,27.08418176104119,27.129357137037033,27.09905234668336
18.96,27.1446528730325,27.18997074657949,27.159665858216762
18.98,27.20512404303391,27.250584547133695,27.220279562646205
19,27.265595267722006,27.31119853501947,27.28089345625528
19.02,27.32606654383913,27.371812706627566,27.341507535399117
19.04,27.386537868191922,27.432427058418227,27.40212179650311
19.06,27.447009237649976,27.49304158691989,27.46273623606144
19.080000000000002,27.50748064914457,27.553656288727826,27.523350850635865
19.1,27.567952099667306,27.61427116050292,27.583965636854348
19.12,27.628423586268877,27.674886198970388,27.644580591409813
19.14,27.688895106057778,27.735501400918494,27.70519571105882
19.16,27.749366656199175,27.796116763197354,27.76581099262054
19.18,27.809838233913613,27.856732282717832,27.826426432975282
19.2,27.87030983647586,27.91734795645019,27.8870420290635
19.22,27.93078146121383,27.977963781423174,27.9476577778846
19.240000000000002,27.99125310550737,28.03857975472258,28.00827367649574
19.26,28.0517247667872,28.09919587349058,28.06888972201082
19.28,28.112196442533854,28.159812134924202,28.12950591159931
19.3,28.172668130276552,28.220428536274582,28.190122242485206
19.32,28.233139827592243,28.281045074845718,28.250738711945928
19.34,28.293611532104517,28.341661747993648,28.31135531731149
19.36,28.354083241482687,28.40227855312528,28.371972055963166
19.38,28.414554953440746,28.462895487697477,28.432588925332794
19.400000000000002,28.475026665736436,28.52351254921606,28.49320592290163
19.42,28.53549837617032,28.584129735235027,28.553823046199483
19.44,28.595970082584863,28.644747043355366,28.614440292803724
19.46,28.656441782863535,28.705364471224303,28.675057660338407
19.48,28.716913474929918,28.765982016534466,28.735675146473383
19.5,28.777385156746856,28.826599677022845,28.796292748923324
19.52,28.83785682631564,28.887217450470086,28.856910465447015
19.54,28.898328481675122,28.947835334699548,28.91752829384634
19.56,28.95880012090094,29.008453327576607,28.97814623196563
19.580000000000002,29.019271742104735,29.069071427007653,29.038764277690586
19.6,29.07974334343336,29.129689630939467,29.099382428947802
19.62,29.14021492306814,29.19030793735839,29.160000683703796
19.64,29.20068647922409,29.25092634428955,29.22061903996414
19.66,29.261158010149227,29.311544849796157,29.281237495772974
19.68,29.321629514123853,29.372163451978626,29.341856049212048
19.7,29.382100989459786,29.432782148974137,29.40247469840004
19.72,29.442572434499816,29.493400938955617,29.463093441491992
19.740000000000002,29.503043847616894,29.554019820131277,29.52371227667836
19.76,29.56351522721357,29.6146387907438,29.584331202184497
19.78,29.62398657172132,29.675257849069784,29.644950216270047
19.8,29.684457879599908,29.735876993418966,29.705569317228072
19.82,29.744929149336766,29.796496222133683,29.766188503384534
19.84,29.80540037944645,29.85711553358821,29.826807773097737
19.86,29.86587156846999,29.91773492618816,29.887427124757522
19.88,29.926342714974332,29.97835439836986,29.94804655678473
19.900000000000002,29.986813817551784,30.0389739485997,30.00866606763075
19.92,30.04728487481945,30.099593575373714,30.069285655776728
19.94,30.10775588541871,30.160213277216883,30.129905319733105
19.96,30.168226848014676,30.220833052682586,30.190525058038986
19.98,30.22869776129568,30.28145290035209,30.251144869261623
